<?xml version="1.0" encoding="UTF-8" standalone="no"?>
<?fileVersion 4.0.0?>

<cproject storage_type_id="org.eclipse.cdt.core.XmlProjectDescriptionStorage">
	<storageModule moduleId="org.eclipse.cdt.core.settings">
		<cconfiguration id="0.1155920974">
			<storageModule buildSystemId="org.eclipse.cdt.managedbuilder.core.configurationDataProvider" id="0.1155920974" moduleId="org.eclipse.cdt.core.settings" name="Default">
				<externalSettings/>
				<extensions>
					<extension id="org.eclipse.cdt.core.VCErrorParser" point="org.eclipse.cdt.core.ErrorParser"/>
					<extension id="org.eclipse.cdt.core.GmakeErrorParser" point="org.eclipse.cdt.core.ErrorParser"/>
					<extension id="org.eclipse.cdt.core.CWDLocator" point="org.eclipse.cdt.core.ErrorParser"/>
					<extension id="org.eclipse.cdt.core.GCCErrorParser" point="org.eclipse.cdt.core.ErrorParser"/>
					<extension id="org.eclipse.cdt.core.GASErrorParser" point="org.eclipse.cdt.core.ErrorParser"/>
					<extension id="org.eclipse.cdt.core.GLDErrorParser" point="org.eclipse.cdt.core.ErrorParser"/>
				</extensions>
			</storageModule>
			<storageModule moduleId="cdtBuildSystem" version="4.0.0">
				<configuration buildProperties="" description="" id="0.1155920974" name="Default" parent="org.eclipse.cdt.build.core.prefbase.cfg">
					<folderInfo id="0.1155920974." name="/" resourcePath="">
						<toolChain id="org.eclipse.cdt.build.core.prefbase.toolchain.1370838257" name="No ToolChain" resourceTypeBasedDiscovery="false" superClass="org.eclipse.cdt.build.core.prefbase.toolchain">
							<targetPlatform id="org.eclipse.cdt.build.core.prefbase.toolchain.1370838257.1947833174" name=""/>
							<builder id="org.eclipse.cdt.build.core.settings.default.builder.986747662" keepEnvironmentInBuildfile="false" managedBuildOn="false" name="Gnu Make Builder" superClass="org.eclipse.cdt.build.core.settings.default.builder"/>
							<tool id="org.eclipse.cdt.build.core.settings.holder.libs.88371408" name="holder for library settings" superClass="org.eclipse.cdt.build.core.settings.holder.libs"/>
							<tool id="org.eclipse.cdt.build.core.settings.holder.1052729546" name="Assembly" superClass="org.eclipse.cdt.build.core.settings.holder">
								<inputType id="org.eclipse.cdt.build.core.settings.holder.inType.1456068118" languageId="org.eclipse.cdt.core.assembly" languageName="Assembly" sourceContentType="org.eclipse.cdt.core.asmSource" superClass="org.eclipse.cdt.build.core.settings.holder.inType"/>
							</tool>
							<tool id="org.eclipse.cdt.build.core.settings.holder.665107775" name="UPC" superClass="org.eclipse.cdt.build.core.settings.holder">
								<inputType id="org.eclipse.cdt.build.core.settings.holder.inType.895901008" languageId="org.eclipse.cdt.core.parser.upc.upc" languageName="UPC" sourceContentType="org.eclipse.cdt.core.parser.upc.upcSource" superClass="org.eclipse.cdt.build.core.settings.holder.inType"/>
							</tool>
							<tool id="org.eclipse.cdt.build.core.settings.holder.1454360599" name="GNU C++" superClass="org.eclipse.cdt.build.core.settings.holder">
								<inputType id="org.eclipse.cdt.build.core.settings.holder.inType.78997331" languageId="org.eclipse.cdt.core.g++" languageName="GNU C++" sourceContentType="org.eclipse.cdt.core.cxxSource,org.eclipse.cdt.core.cxxHeader" superClass="org.eclipse.cdt.build.core.settings.holder.inType"/>
							</tool>
							<tool id="org.eclipse.cdt.build.core.settings.holder.364380332" name="GNU C" superClass="org.eclipse.cdt.build.core.settings.holder">
								<inputType id="org.eclipse.cdt.build.core.settings.holder.inType.118197584" languageId="org.eclipse.cdt.core.gcc" languageName="GNU C" sourceContentType="org.eclipse.cdt.core.cSource,org.eclipse.cdt.core.cHeader" superClass="org.eclipse.cdt.build.core.settings.holder.inType"/>
							</tool>
						</toolChain>
					</folderInfo>
				</configuration>
			</storageModule>
			<storageModule moduleId="org.eclipse.cdt.core.externalSettings"/>
		</cconfiguration>
	</storageModule>
	<storageModule moduleId="cdtBuildSystem" version="4.0.0">
		<project id="turtlebot_gazebo.null.2073026945" name="turtlebot_gazebo"/>
	</storageModule>
	<storageModule moduleId="scannerConfiguration">
		<autodiscovery enabled="true" problemReportingEnabled="true" selectedProfileId=""/>
		<scannerConfigBuildInfo instanceId="0.1155920974">
			<autodiscovery enabled="true" problemReportingEnabled="true" selectedProfileId=""/>
		</scannerConfigBuildInfo>
	</storageModule>
</cproject>
