<?xml version="1.0" encoding="UTF-8"?>
<projectDescription>
	<name>turtlebot_dashboard</name>
	<comment></comment>
	<projects>
	</projects>
	<buildSpec>
		<buildCommand>
			<name>org.eclipse.cdt.managedbuilder.core.genmakebuilder</name>
			<triggers>clean,full,incremental,</triggers>
			<arguments>
				<dictionary>
					<key>?name?</key>
					<value></value>
				</dictionary>
				<dictionary>
					<key>org.eclipse.cdt.make.core.append_environment</key>
					<value>true</value>
				</dictionary>
				<dictionary>
					<key>org.eclipse.cdt.make.core.autoBuildTarget</key>
					<value>all</value>
				</dictionary>
				<dictionary>
					<key>org.eclipse.cdt.make.core.buildArguments</key>
					<value></value>
				</dictionary>
				<dictionary>
					<key>org.eclipse.cdt.make.core.buildCommand</key>
					<value>make</value>
				</dictionary>
				<dictionary>
					<key>org.eclipse.cdt.make.core.cleanBuildTarget</key>
					<value>clean</value>
				</dictionary>
				<dictionary>
					<key>org.eclipse.cdt.make.core.contents</key>
					<value>org.eclipse.cdt.make.core.activeConfigSettings</value>
				</dictionary>
				<dictionary>
					<key>org.eclipse.cdt.make.core.enableAutoBuild</key>
					<value>false</value>
				</dictionary>
				<dictionary>
					<key>org.eclipse.cdt.make.core.enableCleanBuild</key>
					<value>true</value>
				</dictionary>
				<dictionary>
					<key>org.eclipse.cdt.make.core.enableFullBuild</key>
					<value>true</value>
				</dictionary>
				<dictionary>
					<key>org.eclipse.cdt.make.core.fullBuildTarget</key>
					<value>all</value>
				</dictionary>
				<dictionary>
					<key>org.eclipse.cdt.make.core.stopOnError</key>
					<value>true</value>
				</dictionary>
				<dictionary>
					<key>org.eclipse.cdt.make.core.useDefaultBuildCmd</key>
					<value>true</value>
				</dictionary>
			</arguments>
		</buildCommand>
		<buildCommand>
			<name>org.eclipse.cdt.managedbuilder.core.ScannerConfigBuilder</name>
			<triggers>full,incremental,</triggers>
			<arguments>
			</arguments>
		</buildCommand>
	</buildSpec>
	<natures>
		<nature>org.eclipse.cdt.core.cnature</nature>
		<nature>org.eclipse.cdt.core.ccnature</nature>
		<nature>org.eclipse.cdt.managedbuilder.core.managedBuildNature</nature>
		<nature>org.eclipse.cdt.managedbuilder.core.ScannerConfigNature</nature>
	</natures>
</projectDescription>
